Summary,Issue Type,Priority,Story Points,Description,Acceptance Criteria
"Extract Action Items with AI Agent",Story,High,8,"As a Meeting Organizer I want action items automatically extracted from discussions So that I dont miss follow-up tasks","AI Agent identifies action items with 90 percent plus precision; Each action item has description context and source timestamp; Action items display in structured list format; False positives less than 10 percent"
"Auto-Assign Owners and Due Dates",Story,High,8,"As an Admin I want task owners and due dates inferred from meeting context So that action items are immediately actionable","Owner assigned for 80 percent plus of action items based on context clues; Due dates extracted from phrases like by Friday end of month; Unassigned items flagged for manual assignment; Confidence score shown for AI-assigned fields"
"Summarize Agenda Coverage and Open Questions",Story,High,5,"As a Reviewer I want a summary of what was discussed and what remains open So that I can quickly understand meeting outcomes","Summary includes agenda topics covered; Open questions/unresolved issues highlighted separately; Summary 200 words or less for 60-minute meeting; Linked to relevant transcript sections"
"Detect Implicit Commitments",Story,High,8,"As a Reviewer I want implicit commitments identified So that verbal agreements arent forgotten","AI Agent flags phrases indicating commitment; Context provided for each implicit commitment; Can convert implicit commitments to formal action items; Precision 85 percent or greater"
"Generate Executive Summary",Story,High,5,"As an Executive Sponsor I want a concise meeting summary with key decisions So that I can stay informed without reading full transcript","Summary includes key decisions critical action items risks; Length 100-150 words maximum; Generated within 30 seconds of processing completion; Professional tone suitable for leadership review"
"Generate Professional Minutes",Story,High,5,"As an Admin I want minutes in standard formats MRS MTQP MSAD So that output meets organizational documentation standards","All three templates available MRS MTQP MSAD; Templates populated with extracted data; Template selection available at export time; Template format validation passes"
"Export Minutes",Story,High,3,"As an Organizer I want to export minutes in multiple formats So that I can share them via different channels","PDF export with professional formatting; Markdown export for wiki/documentation systems; Plain text export for email; Export completes within 10 seconds; Files properly formatted and readable"
"Action Item Tracking Dashboard",Story,Medium,8,"As a Participant I want to view all my assigned action items across meetings So that I can manage my follow-up tasks","Dashboard shows pending in-progress completed items; Filter by date priority meeting; Status update capability; Email notifications for approaching due dates"
"Sync Action Items to Jira/Asana",Story,Medium,8,"As an Integrator I want action items automatically synced to Jira/Asana So that tasks integrate with existing project workflows","OAuth integration with Jira and Asana; Bi-directional sync status updates reflect in both systems; Mapping action item to Jira issue Asana task; Sync completes within 30 seconds"
"Calendar Integration",Story,Medium,5,"As an Organizer I want action items with due dates added to my calendar So that I receive reminders for follow-ups","Google Calendar and Outlook Calendar supported; Calendar events created with task details; Reminder notifications 24 hours before due date; Updates reflect when task completed"
